Unnamed: 0,DateTime,HomeTeam,AwayTeam,VERSUS,League,Home Goals RR,Away Goals RR,Home Corners RR,Away Corners RR,Home Shots RR,Away Shots RR,Home SOT RR,Away SOT RR,Home Fouls RR,Away Fouls RR,Home Corners H4H_W,Home Corners H4H_D,Home Corners H4H_L,Away Corners A4A_W,Away Corners A4A_D,Away Corners A4A_L,TE_Home H4H,TE_Awa y A4A,TE_Home H4H Baja,TE_Away A4A Baja,Bet For H4A,BET LINE,HW ODDS,DRW ODDS,AW ODDS,CNT CORNERS HW,CNT CORNERS HD,CNT CORNERS HL,CNT CORNERS AW,CNT CORNERS AD,CNT CORNERS AL,AVG H4H CORNERS GEN,AVG H4H CORNERS CONCEDED,AVG A4A CORNERS GEN,AVG A4A CORNERS CONCEDED,AVG H4H SHOTS,AVG H4H SOT,AVG H4H SHOTS OFF,AVG H4H FOULS WON,AVG A4A SHOTS,AVG A4A SOT,AVG A4A SHOTS OFF,AVG A4A FOULS WON,Home HT Goals RR,Away HT Goals RR,home_Unnamed: 0,home_timestamp,home_attendance,home_Game Week,home_Pre-Match PPG (Home),home_Pre-Match PPG (Away),home_home_ppg,home_away_ppg,home_FTHG,home_FTAG,home_total_goal_count,home_total_goals_at_half_time,home_HTHG,home_HTAG,home_HC,home_AC,home_HY,home_HR,home_AY,home_AR,home_home_team_first_half_cards,home_home_team_second_half_cards,home_away_team_first_half_cards,home_away_team_second_half_cards,home_HS,home_AS,home_HST,home_AST,home_home_team_shots_off_target,home_away_team_shots_off_target,home_AFK,home_HFK,home_home_team_possession,home_away_team_possession,home_Home Team Pre-Match xG,home_Away Team Pre-Match xG,home_team_a_xg,home_team_b_xg,home_average_goals_per_match_pre_match,home_btts_percentage_pre_match,home_over_15_percentage_pre_match,home_over_25_percentage_pre_match,home_over_35_percentage_pre_match,home_over_45_percentage_pre_match,home_over_15_HT_FHG_percentage_pre_match,home_over_05_HT_FHG_percentage_pre_match,home_over_15_2HG_percentage_pre_match,home_over_05_2HG_percentage_pre_match,home_average_corners_per_match_pre_match,home_average_cards_per_match_pre_match,home_odds_ft_home_team_win,home_odds_ft_draw,home_odds_ft_away_team_win,home_odds_ft_over15,home_odds_ft_over25,home_odds_ft_over35,home_odds_ft_over45,home_odds_btts_yes,home_odds_btts_no,home_HomeTeam_home_HC_avg_last_8,home_HomeTeam_home_conceded_AC_avg_last_8,home_HomeTeam_home_HS_avg_last_8,home_HomeTeam_home_conceded_AS_avg_last_8,home_HomeTeam_home_HST_avg_last_8,home_HomeTeam_home_conceded_AST_avg_last_8,home_HomeTeam_home_HFK_avg_last_8,home_HomeTeam_home_conceded_AFK_avg_last_8,home_HomeTeam_home_FTHG_avg_last_8,home_HomeTeam_home_conceded_FTAG_avg_last_8,home_HomeTeam_home_home_team_possession_avg_last_8,home_HomeTeam_home_conceded_away_team_possession_avg_last_8,home_HomeTeam_home_team_a_xg_avg_last_8,home_HomeTeam_home_conceded_team_b_xg_avg_last_8,home_HomeTeam_away_conceded_HC_avg_last_8,home_HomeTeam_away_AC_avg_last_8,home_HomeTeam_away_conceded_HS_avg_last_8,home_HomeTeam_away_AS_avg_last_8,home_HomeTeam_away_conceded_HST_avg_last_8,home_HomeTeam_away_AST_avg_last_8,home_HomeTeam_away_conceded_HFK_avg_last_8,home_HomeTeam_away_AFK_avg_last_8,home_HomeTeam_away_conceded_FTHG_avg_last_8,home_HomeTeam_away_FTAG_avg_last_8,home_HomeTeam_away_conceded_home_team_possession_avg_last_8,home_HomeTeam_away_away_team_possession_avg_last_8,home_HomeTeam_away_conceded_team_a_xg_avg_last_8,home_HomeTeam_away_team_b_xg_avg_last_8,home_AwayTeam_home_HC_avg_last_8,home_AwayTeam_home_conceded_AC_avg_last_8,home_AwayTeam_home_HS_avg_last_8,home_AwayTeam_home_conceded_AS_avg_last_8,home_AwayTeam_home_HST_avg_last_8,home_AwayTeam_home_conceded_AST_avg_last_8,home_AwayTeam_home_HFK_avg_last_8,home_AwayTeam_home_conceded_AFK_avg_last_8,home_AwayTeam_home_FTHG_avg_last_8,home_AwayTeam_home_conceded_FTAG_avg_last_8,home_AwayTeam_home_home_team_possession_avg_last_8,home_AwayTeam_home_conceded_away_team_possession_avg_last_8,home_AwayTeam_home_team_a_xg_avg_last_8,home_AwayTeam_home_conceded_team_b_xg_avg_last_8,home_AwayTeam_away_conceded_HC_avg_last_8,home_AwayTeam_away_AC_avg_last_8,home_AwayTeam_away_conceded_HS_avg_last_8,home_AwayTeam_away_AS_avg_last_8,home_AwayTeam_away_conceded_HST_avg_last_8,home_AwayTeam_away_AST_avg_last_8,home_AwayTeam_away_conceded_HFK_avg_last_8,home_AwayTeam_away_AFK_avg_last_8,home_AwayTeam_away_conceded_FTHG_avg_last_8,home_AwayTeam_away_FTAG_avg_last_8,home_AwayTeam_away_conceded_home_team_possession_avg_last_8,home_AwayTeam_away_away_team_possession_avg_last_8,home_AwayTeam_away_conceded_team_a_xg_avg_last_8,home_AwayTeam_away_team_b_xg_avg_last_8,away_Unnamed: 0,away_timestamp,away_attendance,away_Game Week,away_Pre-Match PPG (Home),away_Pre-Match PPG (Away),away_home_ppg,away_away_ppg,away_FTHG,away_FTAG,away_total_goal_count,away_total_goals_at_half_time,away_HTHG,away_HTAG,away_HC,away_AC,away_HY,away_HR,away_AY,away_AR,away_home_team_first_half_cards,away_home_team_second_half_cards,away_away_team_first_half_cards,away_away_team_second_half_cards,away_HS,away_AS,away_HST,away_AST,away_home_team_shots_off_target,away_away_team_shots_off_target,away_AFK,away_HFK,away_home_team_possession,away_away_team_possession,away_Home Team Pre-Match xG,away_Away Team Pre-Match xG,away_team_a_xg,away_team_b_xg,away_average_goals_per_match_pre_match,away_btts_percentage_pre_match,away_over_15_percentage_pre_match,away_over_25_percentage_pre_match,away_over_35_percentage_pre_match,away_over_45_percentage_pre_match,away_over_15_HT_FHG_percentage_pre_match,away_over_05_HT_FHG_percentage_pre_match,away_over_15_2HG_percentage_pre_match,away_over_05_2HG_percentage_pre_match,away_average_corners_per_match_pre_match,away_average_cards_per_match_pre_match,away_odds_ft_home_team_win,away_odds_ft_draw,away_odds_ft_away_team_win,away_odds_ft_over15,away_odds_ft_over25,away_odds_ft_over35,away_odds_ft_over45,away_odds_btts_yes,away_odds_btts_no,away_HomeTeam_home_HC_avg_last_8,away_HomeTeam_home_conceded_AC_avg_last_8,away_HomeTeam_home_HS_avg_last_8,away_HomeTeam_home_conceded_AS_avg_last_8,away_HomeTeam_home_HST_avg_last_8,away_HomeTeam_home_conceded_AST_avg_last_8,away_HomeTeam_home_HFK_avg_last_8,away_HomeTeam_home_conceded_AFK_avg_last_8,away_HomeTeam_home_FTHG_avg_last_8,away_HomeTeam_home_conceded_FTAG_avg_last_8,away_HomeTeam_home_home_team_possession_avg_last_8,away_HomeTeam_home_conceded_away_team_possession_avg_last_8,away_HomeTeam_home_team_a_xg_avg_last_8,away_HomeTeam_home_conceded_team_b_xg_avg_last_8,away_HomeTeam_away_conceded_HC_avg_last_8,away_HomeTeam_away_AC_avg_last_8,away_HomeTeam_away_conceded_HS_avg_last_8,away_HomeTeam_away_AS_avg_last_8,away_HomeTeam_away_conceded_HST_avg_last_8,away_HomeTeam_away_AST_avg_last_8,away_HomeTeam_away_conceded_HFK_avg_last_8,away_HomeTeam_away_AFK_avg_last_8,away_HomeTeam_away_conceded_FTHG_avg_last_8,away_HomeTeam_away_FTAG_avg_last_8,away_HomeTeam_away_conceded_home_team_possession_avg_last_8,away_HomeTeam_away_away_team_possession_avg_last_8,away_HomeTeam_away_conceded_team_a_xg_avg_last_8,away_HomeTeam_away_team_b_xg_avg_last_8,away_AwayTeam_home_HC_avg_last_8,away_AwayTeam_home_conceded_AC_avg_last_8,away_AwayTeam_home_HS_avg_last_8,away_AwayTeam_home_conceded_AS_avg_last_8,away_AwayTeam_home_HST_avg_last_8,away_AwayTeam_home_conceded_AST_avg_last_8,away_AwayTeam_home_HFK_avg_last_8,away_AwayTeam_home_conceded_AFK_avg_last_8,away_AwayTeam_home_FTHG_avg_last_8,away_AwayTeam_home_conceded_FTAG_avg_last_8,away_AwayTeam_home_home_team_possession_avg_last_8,away_AwayTeam_home_conceded_away_team_possession_avg_last_8,away_AwayTeam_home_team_a_xg_avg_last_8,away_AwayTeam_home_conceded_team_b_xg_avg_last_8,away_AwayTeam_away_conceded_HC_avg_last_8,away_AwayTeam_away_AC_avg_last_8,away_AwayTeam_away_conceded_HS_avg_last_8,away_AwayTeam_away_AS_avg_last_8,away_AwayTeam_away_conceded_HST_avg_last_8,away_AwayTeam_away_AST_avg_last_8,away_AwayTeam_away_conceded_HFK_avg_last_8,away_AwayTeam_away_AFK_avg_last_8,away_AwayTeam_away_conceded_FTHG_avg_last_8,away_AwayTeam_away_FTAG_avg_last_8,away_AwayTeam_away_conceded_home_team_possession_avg_last_8,away_AwayTeam_away_away_team_possession_avg_last_8,away_AwayTeam_away_conceded_team_a_xg_avg_last_8,away_AwayTeam_away_team_b_xg_avg_last_8,over_6_prediction,over_7_prediction,over_8_prediction
0,2024-10-12 10:00:00,CD Tondela,Leixões,CD Tondela VS. Leixões,Liga 2 Portuguese,0.61709094,1.1760927,5.073879,3.6459029,9.55942,9.903,4.591868,4.6086016,14.88956,14.74516,6.0,6.0,4.5,4.0,4.0,7.0,0.5,0.5,0.5,0.5,10,10.5,2.45,3.05,2.8,7,7,6,7,8,5,4.5,5.0,4.0,6.5,10.5,5.0,4.0,11.5,9.0,5.0,4.5,14.5,0.46450046,0.5668447,121.5,1706495400.0,1067.5,14.0,1.45,1.0,1.35,1.29,1.0,1.0,2.5,1.0,1.0,0.0,6.0,5.0,3.0,0.0,2.0,0.0,1.0,2.0,1.0,1.0,10.5,9.0,5.0,4.0,4.0,4.5,15.5,11.5,44.5,55.5,1.435,1.3450000000000002,1.51,1.2,2.73,60.5,75.0,50.0,30.0,14.5,41.5,71.0,39.0,80.0,10.79,6.0,2.25,3.2,3.1,1.335,2.035,3.625,6.5,1.815,1.895,5.4375,5.0,8.875,9.0625,4.625,4.0,11.9625,15.4375,1.25,1.375,45.5625,54.375,1.32625,1.249375,6.0,4.5,10.125,8.3125,5.0,4.25,16.0,13.875,1.125,1.5,51.1875,48.8125,1.4127083333333332,1.1966071428571428,5.1875,4.375,10.75,9.875,5.1875,4.75,13.8125,13.6875,1.1875,1.125,50.9375,49.0625,1.443125,1.381875,5.0,4.9375,11.5625,10.1625,4.9375,4.6875,13.0625,13.575,1.1875,1.0625,51.75,48.0,1.49875,1.346875,112.5,1707014700.0,1671.0,13.0,1.38,1.12,1.38,1.41,1.0,1.0,2.0,1.0,0.0,0.0,6.0,4.5,2.0,0.0,3.0,0.0,1.0,1.0,1.0,2.0,9.0,9.0,5.0,5.0,4.0,5.0,15.0,14.5,51.5,48.5,1.42,1.275,1.315,1.23,2.435,50.0,69.0,46.5,25.0,6.5,30.5,71.5,39.0,75.0,10.0,5.79,2.025,3.2,3.175,1.34,2.05,3.68,7.0,1.86,1.85,5.25,4.875,10.770833333333332,9.958333333333332,4.8375,4.875,12.375,13.75,1.25,1.2916666666666663,49.25,50.75,1.4516666666666669,1.4187500000000002,5.875,4.5,11.9,9.5625,5.0625,4.708333333333334,13.125,13.5,1.2916666666666663,1.25,52.5625,47.4375,1.5335416666666668,1.278125,5.75,3.875,10.25,9.25,4.3125,4.75,16.3125,16.9375,0.9375,1.1964285714285714,53.5625,46.4375,1.45125,1.25125,5.6125,4.125,9.6875,8.598214285714285,4.875,4.5625,15.416666666666668,14.0625,1.0,1.0,51.0,48.6875,1.39875,1.3043749999999998,1,0,1
1,2024-10-12 11:30:00,Chesterfield,Notts County,Chesterfield VS. Notts County,England League 2,2.320131,1.5391437,6.022389,4.754163,12.293584,8.053558,6.349087,5.2355685,10.919019,9.708835,4.5,9.0,0.0,5.5,5.0,5.5,0.25,0.625,0.25,0.75,9,10.5,1.93,3.55,3.5,8,3,0,6,5,8,4.5,3.0,5.5,7.0,12.0,6.5,4.0,10.5,12.0,6.0,5.0,8.0,0.93011844,0.6354386,236.0,1700319600.0,,18.0,2.77,1.25,2.67,1.24,3.0,1.5,4.5,1.0,0.5,0.5,5.5,3.5,2.0,0.0,2.0,0.0,0.0,1.0,1.0,1.0,12.0,7.0,6.5,3.5,4.0,3.0,7.5,10.5,55.0,45.0,1.82,1.415,1.845,0.98,3.715,69.5,90.0,69.5,54.5,38.5,36.0,68.0,74.0,93.0,12.26,3.895,1.395,4.45,6.155,1.1549999999999998,1.45,2.18,3.75,1.725,2.0,7.6875,2.5625,11.125,7.0625,6.8125,3.75,9.9375,7.857142857142858,2.75,1.3125,56.535714285714285,42.88095238095238,1.82125,0.99125,4.25,5.5,10.25,13.5,5.25,7.0,8.25,11.75,1.5,2.0,46.75,53.1875,1.4175000000000002,1.824375,5.25,4.375,12.4125,10.0,6.166666666666666,4.645833333333334,9.8125,9.089285714285715,1.5625,1.1875,51.0625,47.875,1.6075,1.30025,5.0,4.0,11.0,10.5,5.416666666666666,4.875,9.75,9.2875,1.375,1.125,50.125,49.5,1.4566666666666666,1.3764583333333331,259.0,1703274300.0,3860.0,23.0,1.65,1.0,1.58,1.0,1.0,1.0,3.0,1.0,0.0,1.0,4.0,5.0,2.0,0.0,2.0,0.0,1.0,1.0,0.0,1.0,12.0,9.0,6.0,5.0,5.0,3.0,10.0,8.0,34.0,66.0,1.43,1.31,1.41,1.29,3.15,66.0,82.0,59.0,37.0,22.0,37.0,78.0,54.0,85.0,10.6,4.5,2.87,3.63,2.3,1.2,1.57,2.5,4.35,1.53,2.38,5.125,4.25,10.625,9.875,5.875,5.0,10.75,10.0,1.5,1.375,51.875,48.125,1.475,1.34875,5.6,4.5,11.0,10.25,6.0,5.375,10.25,9.75,1.625,1.25,53.2,46.8,1.4925000000000002,1.305,6.5,4.875,11.25,10.571428571428571,7.0,6.0,11.0,7.0,2.25,1.875,66.0,34.0,1.585,1.4057142857142857,5.375,5.125,11.5,8.75,5.75,4.875,6.875,11.5,1.75,1.5,33.75,66.25,1.38875,1.2600000000000002,1,1,1
2,2024-10-12 12:45:00,Arsenal Women,Chelsea Women,Arsenal Women VS. Chelsea Women,England Super League (W),0.7628112,2.18806,6.365119,4.754163,12.626526,10.94195,5.3242617,5.96878,9.482257,8.469074,0.0,7.0,0.0,7.0,0.0,0.0,0.5,0.0,0.5,0.0,7,9.5,2.5,3.35,2.55,0,2,0,1,0,0,7.0,2.5,7.0,0.0,16.5,6.5,10.0,8.0,7.0,3.0,4.0,10.0,0.48866236,0.61585224,9.0,1727612100.0,,2.0,0.5,0.0,1.0,0.75,1.0,1.0,2.0,1.0,0.5,0.5,7.0,2.5,0.0,0.0,3.5,0.0,0.0,0.0,0.0,3.5,16.5,9.0,6.5,4.0,8.5,3.0,5.5,8.0,53.0,47.0,0.84,0.415,1.97,1.025,2.0,25.0,50.0,50.0,50.0,0.0,25.0,50.0,50.0,50.0,4.5,0.5,1.64,5.875,9.1,1.135,1.53,2.365,4.165,1.995,1.825,5.5,1.0,8.0,1.0,3.5,0.0,4.0,3.5,0.0,0.0,32.0,18.0,1.13,0.16,0.0,0.0,0.0,0.0,0.0,0.0,0.0,0.0,0.0,0.0,0.0,0.0,0.0,0.0,4.0,0.5,6.0,3.5,3.5,2.0,5.5,2.0,1.0,0.0,36.0,14.0,0.0,0.0,0.0,0.0,0.0,0.0,0.0,0.0,0.0,0.0,0.0,0.0,0.0,0.0,0.0,0.0,6.0,1727461800.0,,2.0,0.0,0.0,0.0,3.0,0.0,7.0,7.0,1.0,0.0,1.0,0.0,7.0,1.0,0.0,1.0,0.0,1.0,0.0,1.0,0.0,7.0,25.0,3.0,12.0,3.0,6.0,2.0,10.0,30.0,70.0,0.0,0.0,0.78,2.61,0.0,0.0,0.0,0.0,0.0,0.0,0.0,0.0,0.0,0.0,0.0,0.0,33.0,12.7,1.03,1.06,1.23,1.65,2.2,2.38,1.53,0.0,0.0,0.0,0.0,0.0,0.0,0.0,0.0,0.0,0.0,0.0,0.0,0.0,0.0,4.5,5.0,17.5,7.0,10.5,2.5,13.0,10.5,2.0,1.0,50.0,50.0,2.06,0.7999999999999999,4.0,8.0,14.0,15.0,5.0,6.0,7.0,8.0,1.0,0.0,48.0,52.0,1.7,1.62,0.0,0.0,0.0,0.0,0.0,0.0,0.0,0.0,0.0,0.0,0.0,0.0,0.0,0.0,1,1,1
3,2024-10-12 13:00:00,Alverca,FC Penafiel,Alverca VS. FC Penafiel,Liga 2 Portuguese,0.781024,1.627867,6.181728,6.7265472,10.347214,12.550002,4.449525,5.222984,14.180704,9.995952,0.0,6.5,10.0,3.0,3.5,4.0,1.0,0.5,1.0,0.625,10,10.5,2.75,3.25,2.4,0,2,1,7,2,8,8.0,11.0,3.0,7.0,12.0,4.0,10.0,10.0,10.5,5.0,5.5,13.5,0.4034254,0.49469006,27.0,1725037200.0,,4.0,0.5,1.0,0.67,1.67,1.0,1.0,2.0,1.0,0.0,0.0,8.0,11.0,3.0,0.0,2.0,0.0,2.0,2.0,0.0,2.0,12.0,13.0,4.0,7.0,7.0,4.0,16.0,10.0,44.0,56.0,1.08,1.24,1.08,1.73,1.75,25.0,50.0,25.0,25.0,0.0,25.0,50.0,25.0,50.0,10.0,6.5,3.0,3.15,2.25,1.38,2.02,4.1,7.6,1.83,1.83,5.0,6.0,12.0,12.5,2.0,7.0,9.0,12.5,0.5,1.0,44.0,44.5,1.08,1.56,6.5,6.0,8.0,8.25,3.5,4.75,13.0,13.0,1.0,1.0,59.25,40.75,1.01,1.1,5.375,3.75,11.0,8.625,4.833333333333333,4.0,14.375,14.666666666666666,0.875,0.8333333333333334,50.875,49.125,1.3949999999999998,1.2925,4.2,4.0,9.8,10.4,4.0,5.8,10.6,9.4,1.0,1.375,53.0,46.6,1.288,1.3640000000000003,119.5,1706704200.0,987.0,14.0,1.44,0.29,1.35,0.82,1.0,1.0,2.0,1.0,0.0,0.0,6.0,4.0,2.0,0.0,2.5,0.0,0.5,2.0,1.0,2.0,10.5,8.5,5.0,4.0,5.5,5.0,15.0,13.5,52.0,48.0,1.44,1.27,1.54,1.245,2.255,39.5,60.5,37.5,19.5,2.0,27.5,61.5,27.5,71.0,10.26,5.65,1.915,3.3,3.655,1.33,2.01,3.58,6.575,1.87,1.83,5.375,4.625,11.270833333333332,9.1875,5.354166666666666,5.0625,13.4375,14.4375,1.3875,1.1875,50.4875,49.075,1.5033333333333332,1.365625,5.330357142857142,4.5,11.2,10.0625,5.0,4.75,12.625,13.5,1.1875,1.3541666666666663,52.2875,47.7125,1.48,1.34375,4.6875,6.339285714285714,11.5,8.464285714285715,5.75,4.375,13.375,14.535714285714285,1.6875,1.1339285714285714,46.3125,53.6875,1.500625,1.3275,6.5625,3.69047619047619,11.75,9.375,5.583333333333334,4.375,14.645833333333332,15.0,1.25,0.8125,53.9375,45.75,1.6375000000000002,1.211875,1,0,1
4,2024-10-12 14:00:00,Doncaster Rovers,Crewe Alexandra,Doncaster Rovers VS. Crewe Alexandra,England League 2,1.5088625,0.9686285,4.9606624,3.8245957,11.056712,8.970394,5.9603434,4.173573,10.216533,10.329842,3.5,2.0,6.0,6.0,6.0,4.5,0.5,0.5,0.625,0.5,9,9.5,1.72,3.6,4.35,8,2,8,8,8,6,4.5,4.0,5.5,4.5,10.0,6.0,4.0,11.0,11.0,5.0,5.5,10.0,0.69293755,0.58586895,276.0,1703697750.0,,22.0,1.485,1.135,1.83,1.22,1.5,1.0,3.0,1.0,1.0,0.0,5.0,5.0,2.0,0.0,3.0,0.0,0.0,1.0,1.0,1.0,10.0,8.0,6.0,4.0,4.0,4.0,9.0,11.0,53.5,46.5,1.31,1.295,1.42,1.19,2.93,51.5,76.5,60.0,39.0,17.5,41.5,74.0,46.5,84.5,9.555,4.33,2.45,3.4,2.75,1.275,1.83,3.1,5.5,1.67,2.1,4.8125,4.791666666666666,10.392857142857142,8.5,6.125,4.125,10.875,9.0625,1.5625,1.1875,50.80357142857142,48.75892857142857,1.4497321428571428,1.1909999999999998,5.0,4.75,9.8125,9.3125,5.583333333333334,5.0,13.333333333333334,9.875,1.5,1.375,52.6875,47.125,1.3950000000000002,1.26375,5.3125,4.6875,10.625,9.5,6.0,5.0,11.0,9.6875,1.5625,1.225,51.1875,48.25,1.458125,1.2887499999999998,5.0625,4.625,10.3125,10.0,5.330357142857142,5.375,10.151785714285715,9.9375,1.4642857142857144,1.375,53.285714285714285,46.33928571428572,1.38875,1.38,295.0,1704216150.0,3564.0,24.0,1.56,1.355,1.6,1.5,1.0,1.0,2.0,1.0,1.0,0.0,5.0,6.0,2.0,0.0,2.0,0.0,0.0,1.0,0.0,1.5,11.0,9.0,5.0,5.0,5.5,4.0,10.5,10.0,50.5,49.5,1.4249999999999998,1.37,1.46,1.275,3.04,64.0,77.0,59.0,39.5,21.0,41.5,84.5,51.0,76.0,11.0,4.605,2.045,3.515,3.2,1.22,1.67,2.775,5.0,1.62,2.2,5.625,4.4375,10.75,10.0,5.598214285714286,5.0625,10.875,10.339285714285715,1.5,1.4017857142857144,49.8125,49.5,1.4700000000000002,1.243125,5.0625,4.625,10.0625,9.607142857142858,5.6875,4.8125,10.276785714285715,9.75,1.3541666666666663,1.125,51.6875,47.0625,1.3780357142857145,1.2591964285714283,5.375,4.375,9.291666666666668,10.5,4.5,6.125,10.4375,9.625,1.5,1.5625,54.5,45.5,1.2308333333333334,1.390625,5.25,5.3125,10.208333333333332,9.0625,4.669642857142858,4.5,10.625,10.125,1.0,1.1875,52.225,47.5625,1.365625,1.1887500000000002,1,1,1
5,2024-10-12 14:00:00,Barrow,Morecambe,Barrow VS. Morecambe,England League 2,1.8307217,1.4394244,4.1570287,5.8006716,14.173779,8.26782,6.674791,4.4978476,11.650376,12.497199,4.5,4.5,4.5,4.0,5.0,4.5,0.125,0.75,0.125,0.75,8,10.5,1.57,3.9,5.0,8,8,4,8,3,8,4.0,5.0,3.5,7.0,10.0,5.0,5.0,12.0,13.0,7.0,6.0,10.0,0.78726923,0.55865246,303.0,1704553200.0,,24.0,1.93,1.16,1.78,1.22,1.0,1.0,2.0,1.0,0.0,0.0,4.0,4.0,1.0,0.0,2.0,0.0,0.0,1.0,1.0,2.0,10.0,8.0,5.0,4.0,5.0,3.0,11.0,12.0,45.0,55.0,1.37,1.32,1.37,1.13,2.55,59.0,73.0,44.0,25.0,13.0,25.0,73.0,41.0,79.0,9.46,3.96,1.91,3.3,3.6,1.3,1.95,3.3,6.25,1.8,1.91,4.375,4.375,11.0,8.25,5.25,4.875,12.25,11.25,1.1428571428571428,1.0,45.625,53.75,1.4275,1.21375,5.125,4.625,9.714285714285714,9.5,6.0,5.375,9.5,10.375,2.0,1.625,59.5,40.5,1.3557142857142856,1.24875,5.375,5.125,10.375,9.375,5.625,5.125,10.5,9.5,1.5,1.375,51.42857142857143,48.5,1.4275,1.325,5.375,4.875,11.125,10.5,5.625,5.375,10.625,9.75,1.5,1.375,53.6,46.4,1.48875,1.375,286.0,1703879100.0,2540.0,25.0,1.68,1.23,1.63,1.3,2.0,2.0,4.0,2.0,1.0,0.0,6.0,4.0,2.0,0.0,2.0,0.0,1.0,1.0,1.0,1.0,13.0,7.0,7.0,4.0,6.0,3.0,8.0,10.0,57.0,43.0,1.44,1.18,1.65,1.04,3.3,58.0,85.0,69.0,39.0,25.0,39.0,85.0,57.0,85.0,10.19,5.0,1.91,3.59,3.51,1.25,1.8,3.0,5.5,1.73,2.05,5.25,4.625,10.8,9.75,6.0,5.0,10.875,9.5,1.625,1.2857142857142858,51.0,49.0,1.46,1.2925000000000002,5.25,4.666666666666667,10.375,10.0,5.75,5.0,11.125,9.875,1.5,1.25,50.333333333333336,49.66666666666666,1.3875,1.3325,5.25,5.5,8.5,9.625,4.625,4.75,9.875,9.125,1.125,1.375,46.375,53.625,1.18375,1.3575,5.0,4.5,12.0,7.666666666666667,6.25,4.125,10.125,9.125,2.25,1.625,58.5,41.16666666666666,1.586666666666667,1.045,1,1,1
6,2024-10-12 14:00:00,AFC Wimbledon,Carlisle United,AFC Wimbledon VS. Carlisle United,England League 2,0.6694577,1.0563406,6.2395077,4.8902874,10.439937,8.243323,4.7906656,4.305196,10.426871,10.107754,6.0,6.5,4.0,3.0,2.0,3.0,0.625,0.375,0.625,0.375,8,9.5,1.68,3.65,4.6,8,6,6,4,3,8,6.0,3.0,3.0,3.5,12.0,6.0,5.0,9.0,11.0,5.0,6.0,10.0,0.17984681,0.4778059,278.0,1703879100.0,8062.0,25.0,1.5,1.07,1.7,1.22,1.0,1.0,2.0,1.0,1.0,0.0,6.0,3.0,2.0,0.0,2.0,0.0,1.0,2.0,1.0,2.0,12.0,8.0,6.0,4.0,5.0,4.0,12.0,9.0,50.0,50.0,1.61,1.3,1.58,1.04,3.0,63.0,83.0,52.0,34.0,22.0,35.0,78.0,50.0,91.0,11.27,5.0,1.8,3.6,3.8,1.25,1.8,3.0,5.5,1.73,2.0,5.75,3.5,11.0,8.625,6.0,4.375,9.375,12.25,1.625,0.75,48.75,51.25,1.47625,1.155,5.375,4.333333333333333,10.0,9.75,5.333333333333333,3.875,12.125,8.375,1.1666666666666667,0.875,56.75,43.25,1.355,1.24125,5.375,5.0,10.25,10.0,5.375,5.25,10.0,9.75,1.5,1.5,50.75,49.0,1.41,1.31625,5.125,5.125,11.0,10.25,5.75,5.25,10.571428571428571,10.125,1.5,1.375,52.625,47.375,1.45,1.32625,273.0,1703876400.0,3.0,24.0,1.62,0.5,1.48,0.65,2.0,1.0,2.0,1.0,1.0,1.0,6.0,3.0,1.0,0.0,2.0,0.0,0.0,1.0,1.0,1.0,11.0,8.0,5.0,4.0,6.0,4.0,9.0,10.0,56.0,44.0,1.4,1.11,1.47,1.11,2.45,47.0,69.0,46.0,21.0,9.0,35.0,68.0,38.0,84.0,9.48,4.65,1.83,3.6,4.15,1.32,1.98,3.5,6.5,1.95,1.8,5.125,4.5,10.0,9.5,4.625,4.875,11.0,10.125,1.125,1.125,51.75,48.25,1.335,1.195,5.5,4.666666666666667,10.625,8.875,5.375,4.875,10.666666666666666,9.5,1.5,1.25,53.0,45.0,1.38625,1.2025,5.833333333333333,4.5,9.625,9.5,4.75,4.875,10.75,8.625,0.875,1.875,48.0,52.0,1.27625,1.27,5.25,4.5,11.125,7.5,5.5,3.625,10.0,9.375,1.75,0.625,54.875,44.625,1.46625,1.02,1,1,1
7,2024-10-12 14:00:00,Gillingham,Accrington Stanley,Gillingham VS. Accrington Stanley,England League 2,2.12672,0.9818072,5.8646417,4.9855833,11.665211,7.8775797,5.8900075,4.2135715,11.53469,12.381621,6.0,5.5,4.0,3.0,3.5,3.0,0.5,0.625,0.5,0.625,8,9.5,1.73,3.6,4.3,8,8,5,6,4,8,6.0,5.5,3.0,6.0,11.0,5.0,5.0,12.0,11.0,6.0,5.0,14.0,0.8159863,0.39883885,267.0,1703595600.0,,24.0,1.63,1.0,1.57,1.22,1.0,1.0,2.0,1.0,0.0,0.0,6.0,4.0,2.0,0.0,2.0,0.0,1.0,1.0,1.0,2.0,11.0,8.0,5.0,4.0,5.0,4.0,10.0,12.0,51.0,49.0,1.5,1.3,1.52,1.15,2.57,53.0,75.0,50.0,20.0,9.0,35.0,71.0,42.0,74.0,10.87,4.79,1.97,3.35,3.45,1.3,1.97,3.5,6.5,1.8,1.91,6.25,3.6,11.125,8.5,5.0,4.25,11.625,10.5,1.0,0.875,52.875,46.875,1.465,1.185,4.625,5.375,10.375,7.625,6.285714285714286,4.375,8.875,9.0,1.3333333333333333,0.875,53.57142857142857,46.42857142857143,1.4375,1.13875,5.333333333333333,5.0,10.875,10.0,6.0,5.125,10.125,9.75,1.75,1.375,49.142857142857146,50.85714285714285,1.45,1.36875,5.375,4.625,11.25,10.285714285714286,6.0,5.0,10.75,9.5,1.5,1.375,55.375,44.625,1.4812500000000002,1.3525,279.0,1703879100.0,2887.0,25.0,1.81,1.05,1.63,0.96,2.0,1.0,3.0,1.0,1.0,0.0,6.0,3.0,2.0,0.0,2.0,0.0,1.0,1.0,1.0,2.0,11.0,10.0,6.0,4.0,5.0,5.0,12.0,14.0,53.0,47.0,1.4,1.28,1.49,1.23,2.88,59.0,78.0,52.0,29.0,14.0,39.0,72.0,52.0,82.0,10.63,5.0,2.0,3.5,3.45,1.25,1.75,2.95,5.5,1.7,2.0,5.25,5.375,10.75,10.285714285714286,5.625,5.25,10.25,9.714285714285714,1.5,1.5,50.42857142857143,49.57142857142857,1.4275,1.37625,5.375,4.875,11.25,10.0,5.833333333333333,5.125,10.25,9.625,1.5,1.3333333333333333,53.875,46.125,1.46125,1.33875,5.875,5.857142857142857,12.571428571428571,9.375,6.142857142857143,3.0,9.666666666666666,10.0,1.375,0.6,50.125,49.875,1.53125,1.2125,5.25,3.875,11.8,9.375,6.0,4.75,13.333333333333334,10.375,1.875,1.3333333333333333,53.25,46.125,1.5824999999999998,1.2275,1,1,1
8,2024-10-12 14:00:00,Salford City,Grimsby Town,Salford City VS. Grimsby Town,England League 2,1.436901,1.0815961,4.0234137,5.800913,10.967519,9.888748,6.470856,5.327182,11.9920845,12.897659,7.0,2.0,4.0,12.5,5.5,4.5,0.375,0.5,0.5,0.75,9,10.5,2.18,3.3,3.05,5,8,8,2,8,8,3.0,6.0,6.0,5.0,11.0,6.0,6.0,11.0,9.0,6.0,5.0,10.0,0.9616739,0.44813755,287.0,1703879100.0,,25.0,0.93,1.0,1.0,1.22,1.0,2.0,3.0,2.0,1.0,1.0,3.0,4.0,3.0,0.0,2.0,0.0,1.0,1.0,1.0,1.0,11.0,12.0,6.0,5.0,6.0,4.0,12.0,11.0,52.0,48.0,1.42,1.29,1.47,1.38,3.15,69.0,84.0,63.0,34.0,18.0,47.0,85.0,47.0,81.0,8.94,4.89,2.08,3.5,3.05,1.22,1.67,2.75,4.92,1.62,2.2,4.125,5.666666666666667,11.0,11.75,6.375,5.625,11.625,11.875,1.625,2.0,52.125,47.875,1.53625,1.40625,5.125,5.0,10.0,10.25,5.25,5.666666666666667,12.142857142857142,10.5,1.4285714285714286,1.25,46.375,53.625,1.3025000000000002,1.4275,5.375,4.5,10.6,9.625,5.75,5.125,10.375,10.125,1.6,1.375,50.25,49.75,1.4619999999999995,1.3275,5.375,5.0,11.0,9.875,6.2,5.0,10.5,9.875,1.625,1.2,53.75,46.25,1.52,1.3283333333333334,266.0,1703593800.0,4339.5,24.0,1.6,0.55,1.63,0.74,1.0,1.0,2.0,1.0,0.0,0.0,6.0,5.0,2.0,0.0,2.0,0.0,0.0,1.0,0.0,1.0,9.0,10.0,6.0,4.0,5.0,5.0,10.0,10.0,51.0,49.0,1.43,1.27,1.38,1.28,2.89,64.0,82.0,50.0,30.0,19.0,40.0,75.0,50.0,84.0,10.49,4.48,2.0,3.5,3.25,1.25,1.77,3.0,5.5,1.7,2.05,5.5,4.5,11.625,9.5,6.0,5.125,9.875,10.0,1.7142857142857142,1.5,52.333333333333336,47.66666666666666,1.52125,1.30625,5.5,5.125,10.75,9.875,5.625,5.0,10.5,9.75,1.5,1.25,54.0,46.0,1.44125,1.32125,5.75,4.75,10.0,9.125,5.0,4.0,12.285714285714286,11.75,1.3333333333333333,1.5,48.125,51.875,1.33125,1.2375,5.875,6.125,10.625,10.5,5.714285714285714,4.625,11.5,11.0,1.25,1.0,51.5,48.375,1.4025,1.345,1,1,1
9,2024-10-12 14:00:00,Milton Keynes Dons,Port Vale,Milton Keynes Dons VS. Port Vale,England League 2,2.2506168,0.6504182,4.1570287,5.7313805,12.506846,10.527849,7.5722475,4.8581924,9.851909,10.774376,5.0,3.0,8.0,5.0,3.0,2.5,0.375,0.625,0.5,0.75,8,9.5,2.08,3.4,3.15,8,5,5,4,7,8,4.5,4.0,3.0,6.0,12.0,7.0,4.0,11.0,11.0,6.0,6.0,9.0,1.6005343,0.31185317,303.0,1704820950.0,5941.0,24.0,1.965,1.085,1.96,1.22,2.0,1.0,3.0,2.0,1.0,0.0,4.5,4.0,2.0,0.0,2.0,0.0,0.0,1.5,1.0,2.0,12.0,9.0,7.0,4.0,4.0,4.0,10.0,11.0,59.5,40.5,1.475,1.275,1.52,1.285,2.81,59.0,78.0,55.0,29.0,14.0,41.5,80.0,42.5,73.0,9.775,4.465,1.84,3.605,3.9,1.22,1.68,2.75,5.0,1.67,2.1,4.339285714285714,4.25,11.5625,9.5625,6.9375,5.5625,12.125,9.5,2.0,1.4375,56.89583333333333,42.22916666666667,1.536875,1.299375,4.375,5.0,10.25,10.428571428571429,5.6875,5.5,9.9375,10.375,1.9375,1.375,41.66666666666667,58.33333333333333,1.368125,1.4125,5.375,4.75,11.0,9.791666666666668,5.5625,5.0,10.875,9.625,1.5,1.375,50.61607142857142,49.38392857142857,1.4459821428571429,1.3149107142857144,5.1875,5.1875,10.9375,9.875,5.6875,4.875,10.3125,9.6875,1.4375,1.4375,53.1875,45.875,1.465,1.3199999999999998,260.0,1703343600.0,7758.0,23.0,1.6,1.0,1.48,0.83,2.0,0.0,2.0,1.0,0.0,0.0,6.0,3.0,2.0,0.0,2.0,0.0,0.0,1.0,1.0,1.0,11.0,8.0,6.0,4.0,6.0,4.0,9.0,9.0,54.0,46.0,1.36,1.17,1.56,1.1,2.61,43.0,75.0,46.0,20.0,17.0,25.0,63.0,46.0,76.0,10.2,4.4,2.0,3.4,3.6,1.3,1.93,3.7,6.5,1.8,1.95,5.375,4.5,10.4,9.0,5.0,4.5,10.0,10.5,1.1428571428571428,1.0,48.875,48.85714285714285,1.33125,1.2128571428571429,5.25,4.625,10.25,8.875,5.0,4.75,10.875,10.0,1.25,1.25,50.25,48.0,1.36125,1.18625,5.25,5.333333333333333,10.875,8.875,5.125,4.875,10.5,9.25,1.0,1.5,48.0,50.625,1.3624999999999998,1.23875,6.333333333333333,3.75,12.0,9.0,6.125,3.875,9.25,10.125,1.75,0.5,52.25,47.625,1.562,1.1266666666666667,1,1,1
10,2024-10-12 14:00:00,Crawley Town,Shrewsbury Town,Crawley Town VS. Shrewsbury Town,England League 1,1.6588075,0.9554533,6.022389,5.0289826,11.377368,11.026099,6.1870923,4.709821,9.618438,10.557703,3.0,5.0,6.0,4.0,4.0,4.0,0.625,0.375,0.75,0.375,8,10.5,2.02,3.6,3.2,8,4,8,5,7,8,5.0,6.5,3.5,5.0,11.0,5.0,5.0,10.0,11.0,5.0,6.0,11.0,0.8038542,0.69026244,214.0,1706972400.0,3155.0,18.0,1.72,1.2,1.63,1.25,1.0,1.0,3.0,1.0,1.0,1.0,5.0,5.0,2.0,0.0,3.0,0.0,0.0,2.0,1.0,2.0,11.0,10.0,5.0,6.0,5.0,4.0,9.0,10.0,61.0,39.0,1.54,1.33,1.44,1.32,3.0,59.0,78.0,61.0,33.0,18.0,46.0,86.0,48.0,78.0,9.86,5.1,2.6,3.5,2.45,1.22,1.69,2.8,5.25,1.62,2.2,5.25,5.833333333333333,11.333333333333334,10.833333333333334,5.333333333333333,6.2,10.5,10.125,1.375,1.3333333333333333,59.85714285714285,40.125,1.4362499999999998,1.3983333333333334,4.875,4.625,11.5,10.625,6.5,5.75,10.25,10.0,1.6,1.375,45.0,55.0,1.5033333333333332,1.3525,5.5,5.0,11.375,10.0,6.0,4.875,10.625,10.142857142857142,1.75,1.375,52.5,47.5,1.53625,1.26125,5.375,4.5,10.625,9.875,5.75,4.875,10.625,10.0,1.6,1.375,51.875,48.125,1.41125,1.2674999999999998,206.5,1706065200.0,,20.0,1.47,0.645,1.63,0.91,2.0,0.0,2.0,1.0,0.0,0.0,5.0,4.0,1.0,0.0,2.5,0.0,0.0,1.0,1.0,2.0,11.0,8.0,5.0,3.0,5.0,4.0,11.0,11.0,59.0,41.0,1.38,0.94,1.375,0.97,2.27,32.0,72.0,41.0,14.5,5.5,23.5,67.0,45.5,74.0,9.28,4.48,1.855,3.425,3.975,1.32,1.955,3.47,6.5,1.95,1.8,5.9375,4.55,10.9375,9.25,5.5,4.75,11.0,10.6125,1.5,1.1339285714285714,50.77083333333333,48.125,1.405625,1.2166666666666668,5.125,4.6875,10.0625,8.875,5.25,4.5625,10.375,9.6875,1.25,1.125,52.3125,47.0625,1.32875,1.17625,5.166666666666667,5.0,9.291666666666668,10.0,4.401785714285714,5.0,10.3125,10.5,0.875,1.5982142857142856,41.625,58.25,1.1710416666666663,1.2725,5.8125,3.75,11.75,7.375,5.5,3.125,11.4375,10.6875,1.5,0.75,60.3875,39.46666666666667,1.4231250000000002,0.94625,1,0,1
11,2024-10-12 14:00:00,Partick Thistle,Falkirk,Partick Thistle VS. Falkirk,Scotia Championship,1.1232473,1.6564893,4.237972,3.6877463,10.388905,13.811584,4.4977794,6.5116124,12.043643,12.570913,4.0,7.0,4.0,8.0,7.5,4.0,0.625,0.625,0.875,0.75,11,10.5,3.25,3.5,2.05,8,5,3,8,4,1,6.0,5.0,10.5,2.5,10.5,5.0,6.5,8.5,7.0,3.0,4.0,11.0,0.631946,0.58190393,40.0,1702436400.0,,8.5,1.62,1.26,1.75,1.345,2.0,1.0,3.0,2.0,1.0,0.5,4.0,5.0,2.0,0.0,2.0,0.0,0.0,1.5,0.5,1.0,10.5,9.5,5.0,4.0,6.5,7.0,10.5,8.5,50.0,50.0,1.52,1.365,1.4,1.21,2.98,54.5,86.0,69.0,37.5,0.0,50.0,76.5,50.0,89.0,9.175,4.0,1.84,3.575,3.65,1.22,1.725,2.8,4.85,1.67,2.1,5.0625,5.125,11.3125,11.25,5.154761904761905,4.291666666666666,7.607142857142858,10.2625,1.6904761904761905,1.0625,50.0,50.0,1.4293749999999998,1.38,5.875,5.75,13.75,10.61904761904762,6.125,5.928571428571429,10.0,9.833333333333332,1.7083333333333337,1.625,50.0,50.0,1.7233333333333334,1.412,5.071428571428571,4.875,11.4375,10.979166666666668,4.8125,4.8125,9.125,8.583333333333332,1.25,1.1339285714285714,50.0,50.0,1.4206249999999998,1.400625,5.375,4.0625,12.0,10.0625,4.8125,4.6875,9.9375,10.0,1.225,1.0625,50.0,50.0,1.496625,1.3033333333333332,41.0,1703041200.0,,8.5,1.165,2.3,1.265,2.33,1.0,2.0,3.0,1.0,0.0,1.0,3.0,7.0,3.0,0.0,2.5,0.0,1.0,1.5,1.0,2.0,7.0,17.0,3.0,7.5,4.0,8.0,12.5,11.0,50.0,50.0,1.34,2.08,0.81,1.99,2.975,61.5,76.5,56.0,42.0,23.5,39.5,70.0,50.0,81.5,12.015,4.19,4.4,3.82,1.645,1.21,1.65,2.65,4.625,1.73,2.0,4.225,4.604166666666666,10.9875,10.5625,5.0625,5.291666666666666,10.1875,10.1875,1.5,1.2916666666666663,50.0,50.0,1.41875,1.3850000000000002,5.75,3.916666666666667,12.333333333333332,9.625,5.8125,4.604166666666666,10.2,10.375,1.5833333333333337,1.0625,50.0,50.0,1.6427083333333332,1.238125,8.5625,1.875,16.5,6.0625,6.25,2.8125,10.5,9.625,2.5,0.5,50.0,50.0,2.0625,0.8225,3.330357142857143,8.75,7.6875,14.1875,4.0,7.723214285714286,11.1875,10.669642857142858,0.8660714285714286,2.4375,50.0,50.0,1.019375,1.888839285714286,1,0,0
12,2024-10-12 14:00:00,Cheltenham Town,Swindon Town,Cheltenham Town VS. Swindon Town,England League 2,1.6662304,1.1935525,4.9704175,3.331823,11.43326,10.491034,5.9933043,5.139487,9.887192,11.0360985,7.0,3.5,2.5,3.0,6.0,5.0,0.5,0.625,0.625,0.75,8,9.5,2.6,3.15,2.63,7,4,8,3,7,8,2.5,3.5,3.5,5.5,10.0,5.0,5.0,12.0,13.0,6.0,6.0,10.0,0.514067,0.56604683,276.0,1703879100.0,,25.0,1.0,1.0,1.09,1.17,1.0,2.0,2.0,1.0,0.0,1.0,4.0,4.0,2.0,0.0,3.0,0.0,0.0,1.0,1.0,1.0,10.0,9.0,5.0,5.0,5.0,5.0,13.0,12.0,48.0,52.0,1.29,1.18,1.38,1.26,2.43,40.0,79.0,45.0,18.0,7.0,30.0,70.0,38.0,73.0,8.54,4.83,2.7,3.35,2.4,1.35,2.02,3.75,7.5,1.91,1.91,4.0,5.25,10.375,9.375,4.6,4.875,11.8,12.125,1.0,1.5,44.5,55.125,1.39,1.2925,5.875,4.5,10.0,8.0,5.166666666666667,3.625,10.5,10.625,1.2857142857142858,0.75,56.625,43.125,1.3633333333333333,1.1625,4.857142857142857,4.25,10.375,9.5,5.5,4.875,10.5,10.125,1.25,1.0,51.71428571428572,48.0,1.38375,1.23875,6.142857142857143,4.75,11.25,8.625,5.625,4.375,10.375,10.625,1.6,1.0,50.75,48.0,1.46875,1.125,235.0,1702134000.0,,21.0,1.6,0.8,1.58,0.7,2.0,1.0,4.0,1.0,1.0,0.0,5.0,4.0,2.0,0.0,2.0,0.0,0.0,1.0,1.0,1.0,13.0,11.0,6.0,5.0,6.0,5.0,9.0,10.0,45.0,55.0,1.46,1.41,1.55,1.36,3.38,71.0,82.0,65.0,46.0,18.0,42.0,80.0,59.0,84.0,10.82,4.43,2.24,3.55,3.0,1.22,1.61,2.6,4.6,1.57,2.25,5.5,4.125,10.125,10.0,5.375,4.875,10.625,10.375,1.5,1.375,53.0,46.625,1.43,1.3075,5.5,4.875,10.0,10.0,5.375,5.0,10.6,9.375,1.5,1.125,53.0,46.875,1.368,1.334,5.875,4.0,10.571428571428571,9.625,6.0,5.5,5.875,5.375,1.875,1.625,54.25,43.875,1.3785714285714286,1.32125,5.666666666666667,4.375,13.0,10.625,7.375,5.625,9.875,8.375,2.25,1.375,47.25,51.875,1.7175,1.415,1,1,1
13,2024-10-12 14:00:00,Peterborough United,Rotherham United,Peterborough United VS. Rotherham United,England League 1,1.684884,1.256381,6.365119,4.754163,11.393737,11.106433,5.2687373,4.6693854,10.769087,11.993318,5.5,8.0,5.0,2.0,4.0,3.5,0.625,0.25,0.625,0.25,8,10.5,2.25,3.6,2.75,8,7,7,1,6,8,6.0,5.0,3.5,4.0,12.0,7.0,5.0,11.0,12.0,7.0,6.0,11.0,0.66571826,0.4656936,231.0,1708182000.0,7504.0,20.0,1.95,1.0,1.88,1.17,2.0,1.0,3.0,2.0,1.0,1.0,6.0,4.0,1.0,0.0,2.0,0.0,0.0,1.0,1.0,1.0,12.0,9.0,7.0,4.0,5.0,3.0,9.0,11.0,63.0,37.0,1.6,1.14,1.61,1.22,2.88,46.0,80.0,56.0,32.0,16.0,38.0,75.0,41.0,75.0,11.5,4.1,1.69,3.8,4.3,1.22,1.65,2.75,5.0,1.75,2.0,6.625,4.375,11.666666666666666,9.0,6.375,4.625,10.625,8.125,2.2,1.375,63.5,35.75,1.53,1.1324999999999998,4.25,6.625,9.375,11.375,5.125,6.125,8.4,10.5,1.5,1.5,39.2,60.8,1.28375,1.505,5.125,4.75,9.875,9.166666666666666,5.0,4.625,10.75,10.625,1.375,1.0,49.625,50.25,1.30125,1.2312500000000002,5.625,4.428571428571429,10.75,9.125,5.5,4.5,10.75,11.0,1.375,1.125,53.875,46.125,1.415,1.19875,212.0,1706670000.0,,18.5,1.48,0.175,1.5,0.17,2.0,0.0,2.5,1.0,1.0,0.0,5.0,3.0,1.0,0.0,1.5,0.0,0.0,1.0,1.0,1.0,12.0,7.0,7.0,3.0,5.5,4.5,10.0,11.0,62.5,37.5,1.3650000000000002,0.88,1.5950000000000002,0.945,2.935,50.0,82.5,54.0,31.0,21.5,41.5,72.5,48.5,85.0,8.98,4.115,1.51,3.935,5.43,1.28,1.815,3.175,6.0,1.91,1.8,6.0625,4.857142857142858,10.958333333333332,9.4375,5.3125,5.0,10.2,10.375,1.375,1.1875,52.11607142857142,47.88392857142857,1.3757142857142857,1.2487499999999998,5.625,4.666666666666667,10.541666666666668,9.0625,5.0,4.619047619047619,10.25,10.375,1.3095238095238095,1.25,51.5,48.1875,1.3518750000000002,1.157625,4.6,7.0,9.375,11.75,4.125,5.6875,9.5,10.803571428571429,0.8,1.25,42.625,57.375,1.1375000000000002,1.45,6.1625,3.125,12.9375,7.9375,7.625,3.1875,10.3125,9.25,2.25,0.5,62.8125,36.75,1.728125,0.98125,0,0,1
14,2024-10-12 14:00:00,Tranmere Rovers,Bradford City,Tranmere Rovers VS. Bradford City,England League 2,1.5070205,1.6554247,5.8646417,4.8687143,11.474506,11.304062,6.2207613,6.092539,11.494137,11.92732,7.0,6.0,5.5,4.0,3.0,4.5,0.625,0.375,0.875,0.375,9,10.5,2.7,3.2,2.45,8,3,8,8,4,8,6.5,5.5,4.5,4.5,11.0,6.0,5.0,10.0,8.0,4.0,5.0,13.0,0.7787291,0.8543942,264.0,1703343600.0,,23.0,1.63,1.0,1.7,1.22,2.0,1.0,3.0,1.0,1.0,1.0,6.0,6.0,2.0,0.0,2.0,0.0,1.0,1.0,1.0,1.0,11.0,10.0,6.0,6.0,5.0,4.0,9.0,10.0,49.0,51.0,1.42,1.29,1.44,1.43,3.11,62.0,85.0,68.0,30.0,17.0,36.0,84.0,50.0,92.0,10.84,4.27,2.47,3.45,2.58,1.25,1.8,3.05,5.5,1.67,2.1,6.0,5.0,11.125,10.666666666666666,6.0,5.666666666666667,10.625,8.5,2.0,1.375,48.375,51.375,1.52875,1.4675,5.2,5.375,10.0,9.625,5.125,4.5,10.125,9.875,1.375,1.0,51.625,47.375,1.3575,1.27625,4.875,4.625,10.25,9.625,5.875,5.0,10.5,10.5,1.5,1.25,51.0,47.8,1.39125,1.3025,4.875,4.875,10.5,9.375,5.5,5.0,9.857142857142858,9.666666666666666,1.375,1.125,51.5,47.625,1.4249999999999998,1.24875,245.0,1702738800.0,3883.0,22.0,1.55,1.13,1.63,1.48,1.0,1.0,3.0,1.0,1.0,0.0,6.0,4.0,2.0,0.0,3.0,0.0,1.0,1.0,1.0,2.0,8.0,10.0,4.0,6.0,5.0,4.0,11.0,13.0,52.0,48.0,1.46,1.35,1.16,1.4,2.75,53.0,75.0,55.0,30.0,19.0,32.0,74.0,48.0,79.0,9.83,4.94,2.45,3.36,2.85,1.3,1.93,3.26,6.25,1.73,2.0,5.625,4.5,10.75,10.0,5.4,5.25,9.625,9.25,1.625,1.375,49.0,48.375,1.44375,1.3333333333333333,5.375,4.25,10.75,9.25,5.5,5.0,10.8,9.75,1.6,1.125,54.125,45.75,1.475,1.2025,5.285714285714286,5.333333333333333,10.625,9.375,5.875,4.0,9.375,9.875,1.0,0.875,51.42857142857143,48.0,1.5275,1.2062499999999998,5.125,4.5,9.75,10.25,4.875,5.625,13.571428571428571,9.375,1.25,1.2857142857142858,51.25,48.625,1.32125,1.4425,1,1,1
15,2024-10-12 14:00:00,Harrogate Town,Newport County,Harrogate Town VS. Newport County,England League 2,1.8452578,1.2688639,4.1720037,5.7645473,12.788002,9.473136,6.8011665,4.47258,11.039667,12.222519,4.5,4.0,5.0,4.0,7.0,2.0,0.25,0.375,0.625,0.875,8,9.5,1.92,3.55,3.5,8,3,8,7,1,8,4.5,5.0,2.5,7.5,10.0,6.0,5.0,11.0,12.0,6.0,5.0,11.0,0.7158761,0.49483904,271.0,1703602800.0,3105.0,24.0,1.17,1.2,1.3,1.22,1.0,1.0,3.0,1.0,0.0,1.0,5.0,6.0,1.0,0.0,2.0,0.0,0.0,1.0,0.0,1.0,10.0,11.0,6.0,6.0,5.0,6.0,7.0,11.0,52.0,48.0,1.29,1.3,1.37,1.44,2.76,55.0,71.0,49.0,33.0,17.0,32.0,75.0,45.0,80.0,9.91,3.76,2.68,3.47,2.3,1.28,1.8,3.1,5.75,1.67,2.1,4.166666666666667,6.125,10.0,10.625,5.5,5.5,11.25,7.625,1.5,1.5,52.0,47.875,1.3525,1.4483333333333333,7.25,4.5,11.5,7.25,5.833333333333333,3.875,9.0,9.0,1.7142857142857142,1.0,54.125,45.625,1.56875,1.04,5.5,4.375,10.25,10.0,5.375,5.25,10.571428571428571,9.625,1.5,1.1428571428571428,49.125,50.625,1.405,1.3285714285714283,5.125,4.375,10.375,10.0,5.428571428571429,5.125,10.125,9.4,1.5,1.25,51.375,45.375,1.4066666666666665,1.30625,265.0,1703343600.0,2949.0,21.0,1.68,0.82,1.63,0.96,2.0,1.0,3.0,1.0,1.0,0.0,7.0,4.0,1.0,0.0,2.0,0.0,0.0,0.0,0.0,1.0,12.0,8.0,6.0,4.0,5.0,4.0,9.0,11.0,60.0,40.0,1.46,1.31,1.54,1.23,2.92,49.0,86.0,59.0,25.0,17.0,47.0,81.0,43.0,79.0,9.83,3.5,1.95,3.5,3.4,1.23,1.75,2.75,5.0,1.73,2.0,5.25,5.25,10.625,10.0,5.5,5.0,9.875,10.125,1.375,1.5,50.0,50.0,1.48,1.32125,4.5,4.75,10.875,9.625,6.0,5.0,10.375,10.0,1.625,1.375,53.25,46.375,1.47,1.27,5.125,5.25,9.5,11.375,5.0,5.625,12.375,10.375,1.5,1.375,47.0,53.0,1.2925,1.42875,6.0,4.0,12.0,8.25,6.25,4.25,11.25,9.75,1.5,1.125,59.625,40.25,1.62,1.10375,1,1,1
16,2024-10-12 18:00:00,Telstar,De Graafschap,Telstar VS. De Graafschap,Netherlands Eerste Divisie,1.3444083,1.2921102,5.0389934,3.4733386,13.615305,10.753708,6.1609817,5.1129293,11.466021,10.923736,3.5,7.0,6.5,3.5,6.5,5.5,0.75,0.5,0.75,0.625,10,10.5,2.12,3.55,3.0,8,7,8,8,4,8,8.5,3.5,4.0,5.5,12.0,5.0,6.0,12.0,11.0,5.5,5.5,9.0,0.8262486,0.6573523,149.0,1707505200.0,,16.0,1.13,1.0,1.37,1.21,1.0,1.0,3.0,1.0,1.0,0.0,6.0,5.0,2.0,0.0,2.0,0.0,0.0,1.0,0.0,1.0,12.0,11.0,5.0,6.0,5.0,4.0,13.0,12.0,48.0,52.0,1.63,1.34,1.61,1.48,3.0,65.0,82.0,63.0,36.0,25.0,38.0,72.0,52.0,84.0,9.67,4.5,2.25,3.64,2.86,1.2,1.67,2.65,4.75,1.62,2.2,6.5,4.625,12.375,9.833333333333334,5.875,5.875,11.125,11.375,1.625,1.5,48.125,51.75,1.6925,1.455,4.25,4.5,10.375,10.0,5.75,5.0,13.166666666666666,12.375,1.75,1.0,51.5,47.75,1.4625,1.35,5.0,5.125,11.875,10.875,6.625,5.5,11.25,11.0,1.6666666666666667,1.375,51.0,49.0,1.6137499999999998,1.49125,5.25,4.25,12.625,9.875,7.0,5.0,10.75,10.75,1.625,1.125,52.625,47.125,1.76,1.37875,138.5,1705388400.0,,15.0,1.6949999999999998,1.605,1.64,1.44,1.5,2.0,3.0,1.0,1.0,1.0,5.5,5.0,1.0,0.0,2.0,0.0,0.0,1.0,0.0,1.0,11.0,11.5,5.5,6.0,5.5,5.0,9.5,9.0,50.0,50.0,1.61,1.53,1.56,1.55,3.13,63.0,84.0,64.5,32.0,16.5,42.0,75.0,50.0,87.0,8.93,3.965,2.5,3.675,2.5,1.18,1.5750000000000002,2.4,4.265000000000001,1.5,2.45,5.0,4.875,11.75,10.6875,5.75,5.4375,10.6875,10.875,1.875,1.380952380952381,49.57142857142857,48.875,1.513125,1.450625,5.339285714285714,4.625,12.5625,10.5,6.3125,5.5,10.875,10.708333333333332,1.875,1.25,50.875,48.9375,1.640625,1.415,6.875,4.0,13.25,10.041666666666668,6.75,5.125,9.625,10.0,1.9375,1.125,53.0,46.25,1.839375,1.3125,5.354166666666666,4.9375,11.1875,10.9375,5.25,5.8125,9.5,9.25,1.75,1.4642857142857144,48.9375,51.0,1.5025,1.524375,1,1,1
17,2024-10-13 12:30:00,MVV,VVV,MVV VS. VVV,Netherlands Eerste Divisie,2.1418056,0.9561978,4.155451,5.800913,12.80634,12.469332,6.5514293,6.7453976,10.162665,11.718263,5.0,4.0,4.0,5.5,4.0,3.5,0.625,0.375,0.875,0.5,8,9.5,2.08,3.55,3.05,8,7,7,4,7,8,4.5,6.0,3.5,4.5,10.0,5.0,5.0,9.5,13.0,6.5,6.0,11.0,0.48972058,0.5005363,154.0,1706295600.0,,16.0,1.235,0.8600000000000001,1.44,1.265,1.0,1.0,3.0,1.0,1.0,0.0,4.0,5.0,1.0,0.0,1.0,0.0,0.5,1.0,0.0,1.0,10.0,13.0,5.0,7.0,5.0,6.0,11.0,9.5,48.0,52.0,1.265,1.39,1.355,1.725,2.815,57.0,79.0,54.5,28.5,17.0,50.0,79.5,30.5,79.0,8.405000000000001,3.93,2.45,3.775,2.705,1.15,1.53,2.275,3.72,1.48,2.5,3.875,5.3875,11.125,13.0,6.166666666666666,6.708333333333334,8.733333333333334,10.229166666666668,2.0,1.1875,46.0625,53.375,1.3981249999999998,1.675,5.0,4.285714285714286,14.285714285714286,10.125,6.5625,5.0,11.25,7.1875,1.6875,1.5,53.4047619047619,46.333333333333336,1.8470238095238092,1.3225,5.3125,4.5,12.5,10.4375,6.1875,5.854166666666666,10.8125,10.4375,1.5,1.25,52.25,47.4375,1.6956250000000002,1.5108333333333333,5.4375,4.125,12.25,10.0625,6.3125,4.875,10.9375,11.3125,1.9375,1.1875,49.9375,49.5,1.635,1.3625,145.0,1706937300.0,,15.5,1.66,1.125,1.605,0.83,2.0,1.0,3.0,1.0,1.0,0.0,5.0,4.0,2.0,0.0,1.0,0.0,1.0,1.5,0.0,1.0,13.0,9.5,6.5,5.0,6.0,4.0,11.5,11.0,55.5,44.5,1.64,1.3849999999999998,1.79,1.395,2.77,61.5,80.5,65.5,30.0,11.0,36.0,80.5,42.5,81.0,9.465,3.205,1.94,3.8,3.5,1.17,1.585,2.4,4.175000000000001,1.57,2.25,4.9375,4.75,12.0,10.4375,6.0625,5.5625,10.9375,10.3125,1.7142857142857142,1.375,50.8125,48.97916666666667,1.5825,1.4625,5.5,4.375,12.5,10.625,6.8125,5.5,10.75,11.125,1.6696428571428572,1.2916666666666663,51.875,48.125,1.7063392857142858,1.435,5.125,4.5625,12.5,9.5,6.625,4.666666666666667,12.0,11.0,1.3333333333333333,1.625,48.25,51.75,1.615,1.3176190476190477,5.3125,3.9375,12.5,9.645833333333332,6.6875,5.1875,10.8125,10.0,1.75,1.0,52.4375,47.375,1.6575000000000002,1.3375,0,1,1
